Category,Category Characteristics,Products,Product Characteristics,Product Application,Product Characteristics
Biostimulatory Dermal Fillers,"Collagen-stimulating,
Long-lasting effect,
Regenerative aesthetics,
Subdermal filler,
Facial volumizer,
Non-HA based fillers,
Tissue stimulant,
Gradual correction,
Volume loss solution,
Anti-aging injectables,
Injectable aesthetics,
Structural support,
Delayed enhancement,
Scaffold-building,
Soft tissue filler,
Natural collagen boost,
Injectables category,
Non-instant gratification,
Reconstructive dermatology",Sculptra,"Poly-L-lactic acid (PLLA),
Biostimulatory injectable,
Collagen regenerator,
Subdermal volumizer,
Biodegradable polymer,
Long-term filler,
Gradual volume restoration,
Subtle enhancement,
Skin firming,
Facial contouring,
Non-surgical lift,
Injectable biostimulator,
Wrinkle reduction,
Cheek volume,
Youthful plumpness,
Minimal downtime,
Rejuvenation agent,
Natural results,
Multi-session treatment,
Delayed onset","Subtle enhancement, Skin firming, Facial contouring, Non-surgical lift, Wrinkle reduction, Cheek volume, Youthful plumpness, Rejuvenation agent","Poly-L-lactic acid (PLLA), Biostimulatory injectable, Collagen regenerator, Subdermal volumizer, Biodegradable polymer, Long-term filler, Injectable biostimulator,"
Biostimulatory Dermal Fillers,"Collagen-stimulating,
Long-lasting effect,
Regenerative aesthetics,
Subdermal filler,
Facial volumizer,
Non-HA based fillers,
Tissue stimulant,
Gradual correction,
Volume loss solution,
Anti-aging injectables,
Injectable aesthetics,
Structural support,
Delayed enhancement,
Scaffold-building,
Soft tissue filler,
Natural collagen boost,
Injectables category,
Non-instant gratification,
Reconstructive dermatology",Radiesse,"Calcium hydroxylapatite (CaHA),
Dual-action filler,
Instant volumizer,
Collagen booster,
White gel suspension,
Contouring filler,
Deep dermal injection,
Firm lift,
Hand rejuvenation,
Jawline sculpting,
Chin enhancement,
Non-surgical lift,
Long-lasting filler,
Structural integrity,
Strong definition,
Bioactive microspheres,
Reconstructive filler,
One-session treatment,
High-viscosity formula,
Tissue scaffold support","Contouring filler, 
Firm lift, 
Hand rejuvenation, 
Jawline sculpting, 
Chin enhancement, 
Non-surgical lift,
Reconstructive filler, 
Instant volumizer","Calcium hydroxylapatite (CaHA), Dual-action filler, Collagen booster, White gel suspension, Deep dermal injection, Bioactive microspheres, High-viscosity formula, Tissue scaffold support"
Biostimulatory Dermal Fillers,"Collagen-stimulating,
Long-lasting effect,
Regenerative aesthetics,
Subdermal filler,
Facial volumizer,
Non-HA based fillers,
Tissue stimulant,
Gradual correction,
Volume loss solution,
Anti-aging injectables,
Injectable aesthetics,
Structural support,
Delayed enhancement,
Scaffold-building,
Soft tissue filler,
Natural collagen boost,
Injectables category,
Non-instant gratification,
Reconstructive dermatology",JUVÉDERM (AbbVie),"Hyaluronic acid (HA),
Moisture-binding gel,
Instant plump,
Soft tissue filler,
Smooth gel texture,
Lip enhancement,
Cheek contour,
Fine lines treatment,
Mid-to-deep dermal injection,
Water retention,
Hydrating filler,
Tear trough corrector,
Facial rejuvenation,
Injectable gel,
Youthful glow,
HA-based filler,
Skin hydration,
Facial sculpting,
No downtime,
Variety of formulas (Ultra, Voluma, Volbella, etc.)","Soft tissue filler, Water retention, Lip enhancement, Cheek contour, Fine lines treatment, Tear trough corrector, Facial rejuvenation, Youthful glow, Facial sculpting","Hyaluronic acid (HA), Moisture-binding gel, Instant plump, Smooth gel texture, Mid-to-deep dermal injection, Hydrating filler, Injectable gel, HA-based filler, Skin hydration, No downtime, Variety of formulas (Ultra, Voluma, Volbella, etc.)"
Biostimulatory Dermal Fillers,"Collagen-stimulating,
Long-lasting effect,
Regenerative aesthetics,
Subdermal filler,
Facial volumizer,
Non-HA based fillers,
Tissue stimulant,
Gradual correction,
Volume loss solution,
Anti-aging injectables,
Injectable aesthetics,
Structural support,
Delayed enhancement,
Scaffold-building,
Soft tissue filler,
Natural collagen boost,
Injectables category,
Non-instant gratification,
Reconstructive dermatology",Botox (AbbVie),"Botulinum toxin type A,
Neuromodulator,
Muscle relaxant,
Wrinkle smoother,
FDA-approved,
Anti-aging injectable,
Forehead lines,
Glabellar lines,
Crow’s feet,
Temporary muscle paralysis,
Preventative wrinkle treatment,
Cosmetic neurotoxin,
Minimal downtime,
In-office procedure,
Non-surgical facial rejuvenation,
3–4 month efficacy,
Targeted muscle injection,
Smooths dynamic wrinkles,
Expression softening,
High safety profile,
Gold standard neurotoxin,
Dual use (cosmetic + medical),
Quick onset (3–7 days),
Precision aesthetics,
Repeat treatment product,
Microdosing flexibility,
Global brand recognition,
Clinically proven","Wrinkle smoother, Forehead lines, Glabellar lines, Crow’s feet, Preventative wrinkle treatment, Non-surgical facial rejuvenation, Smooths dynamic wrinkles, Expression softening","Botulinum toxin type A, Neuromodulator, Muscle relaxant, FDA-approved, Cosmetic neurotoxin, Temporary muscle paralysis, Anti-aging injectable, Minimal downtime, In-office procedure, 3–4 month efficacy, Targeted muscle injection, High safety profile, Gold standard neurotoxin, Quick onset (3–7 days), Precision aesthetics,  Microdosing flexibility"
Biostimulatory Dermal Fillers,"Collagen-stimulating,
Long-lasting effect,
Regenerative aesthetics,
Subdermal filler,
Facial volumizer,
Non-HA based fillers,
Tissue stimulant,
Gradual correction,
Volume loss solution,
Anti-aging injectables,
Injectable aesthetics,
Structural support,
Delayed enhancement,
Scaffold-building,
Soft tissue filler,
Natural collagen boost,
Injectables category,
Non-instant gratification,
Reconstructive dermatology",RESTYLANE,"Hyaluronic acid (HA),
NASHA technology,
Versatile filler,
Under-eye correction,
Lip definition,
Superficial line filler,
Mid-face volume,
Instant hydration,
Non-animal stabilized HA,
Natural results,
Fine line smoothing,
Delicate area application,
Multiple product variants (Lyft, Kysse, Silk),
Soft yet structured,
Flexible gel,
Cheekbone enhancement,
Dermal rejuvenation,
Light touch filler,
Minimal downtime,
Precision contouring","Under-eye correction, 
Lip definition,
 Superficial line filler, 
Mid-face volume,
 Fine line smoothing, 
Delicate area application, Cheekbone enhancement, Dermal rejuvenation, 
Precision contouring","Hyaluronic acid (HA), NASHA technology, Versatile filler, Instant hydration, Non-animal stabilized HA, Multiple product variants (Lyft, Kysse, Silk)"
Biostimulatory Dermal Fillers,"Collagen-stimulating,
Long-lasting effect,
Regenerative aesthetics,
Subdermal filler,
Facial volumizer,
Non-HA based fillers,
Tissue stimulant,
Gradual correction,
Volume loss solution,
Anti-aging injectables,
Injectable aesthetics,
Structural support,
Delayed enhancement,
Scaffold-building,
Soft tissue filler,
Natural collagen boost,
Injectables category,
Non-instant gratification,
Reconstructive dermatology",Revance RHA Collection (Revance),"resilient hyaluronic acid, 
dynamic dermal filler, 
Swiss technology, 
soft tissue volumizer, 
natural facial movement, 
fine line filler, 
deep wrinkle treatment, 
midface enhancement, 
lip augmentation, 
cheek contouring, long-lasting HA, stretchable filler, facial animation support, FDA-approved, premium aesthetic, high elasticity, facial expression preservation, injectable gel, structural filler, 
luxury positioning, 
flexible filler matrix, 
modern wrinkle treatment, 
youth restoration, 
in-office procedure, 
minimal downtime","Facial expression preservation, Soft tissue volumizer, 
Natural facial movement,
 Fine line filler, 
Deep wrinkle treatment, Midface enhancement,
 Lip augmentation, 
Cheek contouring,
 Facial animation support, Modern wrinkle treatment, Youth restoration","Resilient hyaluronic acid, 
Dynamic dermal filler,
 Swiss technology,
 Long-lasting HA, 
Stretchable filler, High elasticity, 
Injectable gel, Structural filler, 
Flexible filler matrix"
Biostimulatory Dermal Fillers,"Collagen-stimulating,
Long-lasting effect,
Regenerative aesthetics,
Subdermal filler,
Facial volumizer,
Non-HA based fillers,
Tissue stimulant,
Gradual correction,
Volume loss solution,
Anti-aging injectables,
Injectable aesthetics,
Structural support,
Delayed enhancement,
Scaffold-building,
Soft tissue filler,
Natural collagen boost,
Injectables category,
Non-instant gratification,
Reconstructive dermatology",Zeomin ,"botulinum toxin type A, 
pure neurotoxin, 
naked botulinum, 
preservative-free, 
protein-free formula, 
minimal diffusion, 
muscle relaxant, 
wrinkle reduction, 
glabellar lines,
frown line treatment, 
facial muscle modulator, 
clean injectable, 
expression softening, 
FDA-approved, 
no accessory proteins, 
low resistance risk, 
cosmetic neurotoxin, 
quick onset, 
3–4 month duration, 
aesthetic neurotoxin,
 facial rejuvenation, 
in-office procedure, 
minimal downtime, 
competitive Botox alternative, smooths dynamic wrinkles,
 subtle enhancement, 
natural facial expressions, 
fewer allergic reactions","Muscle relaxant, Wrinkle reduction, Glabellar lines, Frown line treatment, Facial muscle modulator, Expression softening, Facial rejuvenation, Smooths dynamic wrinkles, Subtle enhancement, Natural facial expressions","Botulinum toxin type A, Pure neurotoxin, Naked botulinum, Preservative-free, Protein-free formula, Minimal diffusion, Clean injectable, FDA-approved, Cosmetic neurotoxin,Aesthetic neurotoxin"
